logged_at,strat,symbol,side,entry,exit,size,fee_bps,date_in,date_out,note
2026-05-30,orb,SPY,long,685.1,681.87,154.74,1.0,2026-03-05,2026-03-05,auto:SL
2026-05-30,orb,SPY,short,662.7,667.63,101.42,1.0,2026-03-09,2026-03-09,auto:SL
2026-05-30,orb,SPY,short,675.49,678.78,151.75,1.0,2026-03-10,2026-03-10,auto:SL
2026-05-30,orb,SPY,long,678.5,676.13,210.97,1.0,2026-03-11,2026-03-11,auto:SL
2026-05-30,orb,SPY,short,668.18,666.04,144.22,1.0,2026-03-12,2026-03-12,auto:EOD-flat
2026-05-30,orb,SPY,long,670.9,667.7,156.25,1.0,2026-03-16,2026-03-16,auto:SL
2026-05-30,orb,SPY,short,667.88,665.12,271.74,1.0,2026-03-18,2026-03-18,auto:TP
2026-05-30,orb,SPY,short,653.0,647.46,135.5,1.0,2026-03-20,2026-03-20,auto:TP
2026-05-30,orb,SPY,long,660.25,656.07,119.62,1.0,2026-03-23,2026-03-23,auto:SL
2026-05-30,orb,SPY,short,650.73,644.88,128.2,1.0,2026-03-26,2026-03-26,auto:TP
2026-05-30,orb,SPY,short,638.59,634.08,122.97,1.0,2026-03-27,2026-03-27,auto:EOD-flat
2026-05-30,orb,SPY,long,642.71,638.31,113.64,1.0,2026-03-31,2026-03-31,auto:SL
2026-05-30,orb,SPY,long,656.05,655.18,163.94,1.0,2026-04-01,2026-04-01,auto:EOD-flat
2026-05-30,orb,SPY,short,655.52,658.55,165.02,1.0,2026-04-06,2026-04-06,auto:SL
2026-05-30,orb,SPY,short,654.01,657.58,140.06,1.0,2026-04-07,2026-04-07,auto:SL
2026-05-30,orb,SPY,short,674.43,675.79,367.67,1.0,2026-04-09,2026-04-09,auto:SL
2026-05-30,orb,SPY,long,681.93,680.17,284.09,1.0,2026-04-10,2026-04-10,auto:SL
2026-05-30,orb,SPY,long,689.97,693.42,216.91,1.0,2026-04-14,2026-04-14,auto:TP
2026-05-30,orb,SPY,long,696.35,699.57,232.56,1.0,2026-04-15,2026-04-15,auto:TP
2026-05-30,orb,SPY,long,701.3,701.55,180.51,1.0,2026-04-16,2026-04-16,auto:EOD-flat
2026-05-30,orb,SPY,long,708.36,712.26,192.31,1.0,2026-04-17,2026-04-17,auto:TP
2026-05-30,orb,SPY,short,708.23,708.69,297.62,1.0,2026-04-20,2026-04-20,auto:EOD-flat
2026-05-30,orb,SPY,long,710.86,708.75,236.41,1.0,2026-04-21,2026-04-21,auto:SL
2026-05-30,orb,SPY,long,709.49,711.4,393.69,1.0,2026-04-22,2026-04-22,auto:TP
2026-05-30,orb,SPY,short,709.22,711.28,242.13,1.0,2026-04-23,2026-04-23,auto:SL
2026-05-30,orb,SPY,long,711.16,714.38,232.56,1.0,2026-04-24,2026-04-24,auto:TP
2026-05-30,orb,SPY,short,712.6,714.41,276.35,1.0,2026-04-27,2026-04-27,auto:SL
2026-05-30,orb,SPY,short,710.79,711.68,239.23,1.0,2026-04-28,2026-04-28,auto:EOD-flat
2026-05-30,orb,SPY,short,709.66,711.19,326.79,1.0,2026-04-29,2026-04-29,auto:SL
2026-05-30,orb,SPY,long,714.71,718.39,127.23,1.0,2026-04-30,2026-04-30,auto:EOD-flat
2026-05-30,orb,SPY,long,724.24,720.74,142.86,1.0,2026-05-01,2026-05-01,auto:SL
2026-05-30,orb,SPY,short,719.25,716.93,322.58,1.0,2026-05-04,2026-05-04,auto:TP
2026-05-30,orb,SPY,long,722.79,724.73,386.11,1.0,2026-05-05,2026-05-05,auto:TP
2026-05-30,orb,SPY,long,729.8,732.77,252.53,1.0,2026-05-06,2026-05-06,auto:TP
2026-05-30,orb,SPY,long,735.12,733.55,318.47,1.0,2026-05-07,2026-05-07,auto:SL
2026-05-30,orb,SPY,long,736.66,737.53,240.39,1.0,2026-05-08,2026-05-08,auto:EOD-flat
2026-05-30,orb,SPY,short,734.86,737.22,211.87,1.0,2026-05-12,2026-05-12,auto:SL
2026-05-30,orb,SPY,long,738.47,742.97,166.67,1.0,2026-05-13,2026-05-13,auto:TP
2026-05-30,orb,SPY,long,745.89,749.37,215.05,1.0,2026-05-14,2026-05-14,auto:TP
2026-05-30,orb,SPY,short,733.09,736.3,155.77,1.0,2026-05-19,2026-05-19,auto:SL
2026-05-30,orb,SPY,long,737.23,741.67,168.92,1.0,2026-05-20,2026-05-20,auto:TP
2026-05-30,orb,SPY,short,737.41,740.18,180.81,1.0,2026-05-21,2026-05-21,auto:SL
2026-05-30,orb,SPY,long,748.16,745.65,199.21,1.0,2026-05-22,2026-05-22,auto:SL
2026-05-30,orb,SPY,long,751.12,749.13,251.38,1.0,2026-05-26,2026-05-26,auto:SL
2026-05-30,orb,SPY,long,751.3,749.23,241.55,1.0,2026-05-27,2026-05-27,auto:SL
2026-05-30,orb,SPY,long,757.91,755.5,207.47,1.0,2026-05-29,2026-05-29,auto:SL
2026-06-02,orb,SPY,long,674.06,672.47,116.28,1.0,2026-03-06,2026-03-06,auto:EOD-flat
2026-06-04,orb,SPY,short,754.74,754.19,123.15,1.0,2026-06-03,2026-06-03,auto:EOD-flat
2026-06-06,orb,SPY,short,748.67,742.44,120.48,1.0,2026-06-05,2026-06-05,auto:TP
2026-06-09,orb,SPY,short,668.96,663.9,148.15,1.0,2026-03-13,2026-03-13,auto:TP
2026-06-09,orb,SPY,long,744.51,740.8,134.77,1.0,2026-06-08,2026-06-08,auto:SL
2026-06-10,orb,SPY,short,671.91,670.73,198.41,1.0,2026-03-17,2026-03-17,auto:EOD-flat
2026-06-10,orb,SPY,short,731.5,725.43,91.24,1.0,2026-06-10,2026-06-10,auto:EOD-flat
2026-06-11,orb,SPY,long,731.56,726.35,95.97,1.0,2026-06-11,2026-06-11,auto:SL
2026-06-12,orb,SPY,long,658.96,659.72,131.92,1.0,2026-03-19,2026-03-19,auto:EOD-flat
2026-06-12,orb,SPY,long,740.89,741.66,85.32,1.0,2026-06-12,2026-06-12,auto:EOD-flat
2026-06-15,orb,SPY,long,754.09,754.66,214.59,1.0,2026-06-15,2026-06-15,auto:EOD-flat
2026-06-16,orb,SPY,short,754.0,751.84,347.22,1.0,2026-06-16,2026-06-16,auto:TP
2026-06-17,orb,SPY,long,653.04,653.2,158.23,1.0,2026-03-24,2026-03-24,auto:EOD-flat
2026-06-17,orb,SPY,long,751.77,749.86,261.78,1.0,2026-06-17,2026-06-17,auto:SL
2026-06-18,orb,SPY,short,656.42,656.74,111.86,1.0,2026-03-25,2026-03-25,auto:EOD-flat
2026-06-18,orb,SPY,long,748.2,746.59,115.21,1.0,2026-06-18,2026-06-18,auto:EOD-flat
2026-06-22,orb,SPY,long,749.94,747.52,206.61,1.0,2026-06-22,2026-06-22,auto:SL
2026-06-24,orb,SPY,short,634.68,632.0,87.87,1.0,2026-03-30,2026-03-30,auto:EOD-flat
2026-06-24,orb,SPY,long,737.7,734.3,147.06,1.0,2026-06-24,2026-06-24,auto:SL
2026-06-26,orb,SPY,short,726.86,729.08,112.36,1.0,2026-06-26,2026-06-26,auto:EOD-flat
2026-06-29,orb,SPY,long,649.89,657.06,104.6,1.0,2026-04-02,2026-04-02,auto:TP
2026-06-29,orb,SPY,long,739.9,740.85,108.81,1.0,2026-06-29,2026-06-29,auto:EOD-flat
2026-06-30,orb,SPY,long,743.96,746.48,162.87,1.0,2026-06-30,2026-06-30,auto:EOD-flat
2026-07-02,orb,SPY,short,673.97,675.88,160.77,1.0,2026-04-08,2026-04-08,auto:EOD-flat
2026-07-02,orb,SPY,long,751.24,747.1,120.63,1.0,2026-07-02,2026-07-02,auto:SL
2026-07-06,orb,SPY,long,749.54,751.31,234.74,1.0,2026-07-06,2026-07-06,auto:EOD-flat
2026-07-07,orb,SPY,short,748.25,747.7,184.5,1.0,2026-07-07,2026-07-07,auto:EOD-flat
2026-07-09,orb,SPY,short,742.64,744.92,218.82,1.0,2026-07-08,2026-07-08,auto:SL
2026-07-09,orb,SPY,long,749.23,751.65,140.85,1.0,2026-07-09,2026-07-09,auto:EOD-flat
2026-07-10,orb,SPY,long,753.23,751.8,348.43,1.0,2026-07-10,2026-07-10,auto:SL
2026-07-13,orb,SPY,short,751.92,748.93,251.26,1.0,2026-07-13,2026-07-13,auto:TP
2026-07-14,orb,SPY,long,751.79,751.87,212.77,1.0,2026-07-14,2026-07-14,auto:EOD-flat
2026-07-16,orb,SPY,short,750.67,750.76,175.44,1.0,2026-07-16,2026-07-16,auto:EOD-flat
2026-07-21,orb,SPY,long,746.68,748.33,200.0,1.0,2026-07-21,2026-07-21,auto:EOD-flat
2026-07-23,orb,SPY,short,738.47,738.17,122.25,1.0,2026-07-23,2026-07-23,auto:EOD-flat
2026-07-24,orb,SPY,long,739.88,737.43,204.08,1.0,2026-07-24,2026-07-24,auto:SL
2026-07-28,orb,SPY,long,739.48,740.76,142.86,1.0,2026-07-28,2026-07-28,auto:EOD-flat
2026-07-29,orb,SPY,short,736.61,740.39,132.27,1.0,2026-07-29,2026-07-29,auto:SL
2026-07-30,orb,SPY,long,738.66,734.63,124.07,1.0,2026-07-30,2026-07-30,auto:SL
